Nomar_Garciawhiner,Nomar_Garciawhiner,0.0007305159,40,12,0,0 
Nomar_Garciawhiner,RMFN,0.001166795,13,13,1,8 
Nomar_Garciawhiner,AreEternal,0.003336568,110,100,0,4 
Nomar_Garciawhiner,Zikashima,0.001275137,36,54,0,0 
Nomar_Garciawhiner,ApocalypseFatigue,0.0003712053,10,12,1,0 
Nomar_Garciawhiner,noelabelle,0.0057972,107,104,47,0 
Nomar_Garciawhiner,pieceofchance,0.003198895,100,126,0,0 
RMFN,Nomar_Garciawhiner,0.003372623,18,33,18,17 
RMFN,RMFN,0.005793917,26,20,18,44 
RMFN,AreEternal,0.002906663,93,37,18,0 
RMFN,CelineHagbard,0.005291201,111,27,56,0 
RMFN,Zikashima,0.009349729,159,68,75,18 
RMFN,ApocalypseFatigue,0.001894513,66,68,0,0 
RMFN,noelabelle,0.0002772643,0,0,0,3 
RMFN,pieceofchance,0.0004192052,30,0,0,0 
RMFN,r3dr4gon,0.00157866,70,42,0,0 
AreEternal,Nomar_Garciawhiner,0.004049787,112,135,0,6 
AreEternal,RMFN,0.001158485,0,14,16,0 
AreEternal,AreEternal,2.827148e-05,1,1,0,0 
AreEternal,CelineHagbard,5.654295e-05,2,2,0,0 
AreEternal,Zikashima,0.0004858065,1,33,0,0 
AreEternal,ApocalypseFatigue,0.0002134962,3,12,0,0 
AreEternal,noelabelle,0.001563528,32,32,11,0 
AreEternal,pieceofchance,0.01064697,368,385,0,0 
AreEternal,r3dr4gon,0.0006863025,0,48,0,0 
AreEternal,juggernaut8,7.084092e-05,2,3,0,0 
CelineHagbard,Nomar_Garciawhiner,0.0006383616,36,3,0,1 
CelineHagbard,RMFN,0.002986564,30,12,40,0 
CelineHagbard,AreEternal,0.0002251984,11,5,0,0 
CelineHagbard,CelineHagbard,0.01073108,19,8,0,112 
CelineHagbard,Zikashima,0.001065556,65,11,0,0 
CelineHagbard,noelabelle,0.0006567548,47,0,0,0 
CelineHagbard,pieceofchance,0.0181146,0,0,0,196 
CelineHagbard,r3dr4gon,5.719188e-05,0,4,0,0 
CelineHagbard,juggernaut8,0.0001000858,0,7,0,0 
Zikashima,Nomar_Garciawhiner,0.00222864,39,101,4,0 
Zikashima,RMFN,0.005272296,142,32,38,6 
Zikashima,AreEternal,0.00203228,38,105,0,0 
Zikashima,CelineHagbard,0.0003821516,12,15,0,0 
Zikashima,Zikashima,0.002321852,115,50,0,0 
Zikashima,ApocalypseFatigue,5.719188e-05,0,4,0,0 
Zikashima,noelabelle,0.006235299,100,20,76,0 
Zikashima,pieceofchance,0.0009280667,29,24,3,0 
Zikashima,juggernaut8,0.0004240721,15,15,0,0 
ApocalypseFatigue,Nomar_Garciawhiner,0.003763304,6,6,60,0 
ApocalypseFatigue,noelabelle,0.0001796838,0,0,3,0 
ApocalypseFatigue,pieceofchance,0.001663586,0,0,0,18 
noelabelle,Nomar_Garciawhiner,0.002466999,57,54,15,0 
noelabelle,AreEternal,0.0004580735,15,9,2,0 
noelabelle,CelineHagbard,0.0001676821,12,0,0,0 
noelabelle,Zikashima,0.01864397,76,40,284,0 
noelabelle,noelabelle,0.01671059,0,0,279,0 
pieceofchance,Nomar_Garciawhiner,0.004089284,132,157,0,0 
pieceofchance,RMFN,0.0007212292,45,0,0,1 
pieceofchance,AreEternal,0.002774498,86,110,0,0 
pieceofchance,CelineHagbard,0.0012939,0,0,0,14 
pieceofchance,Zikashima,0.002673398,26,84,0,12 
pieceofchance,ApocalypseFatigue,0.003846471,0,4,0,41 
pieceofchance,noelabelle,0.0002420921,3,14,0,0 
pieceofchance,pieceofchance,0.0002144695,0,15,0,0 
pieceofchance,r3dr4gon,2.794701e-05,2,0,0,0 
pieceofchance,juggernaut8,7.148985e-05,0,5,0,0 
r3dr4gon,Nomar_Garciawhiner,0.000654462,10,36,0,0 
r3dr4gon,AreEternal,0.0001715756,0,12,0,0 
r3dr4gon,CelineHagbard,5.719188e-05,0,4,0,0 
r3dr4gon,ApocalypseFatigue,0.000154682,8,3,0,0 
r3dr4gon,pieceofchance,0.001341457,96,0,0,0 
juggernaut8,CelineHagbard,9.976132e-05,1,6,0,0 
juggernaut8,juggernaut8,0.0001572777,0,11,0,0